ベンダ,"GRAPHTEC Corporation"
モデル,"GL840"
バージョン,"Ver1.61  "
最大CH数,20
GS開始CH,20
WL開始CH,20
RT開始CH,20
WLユニット,Off,Off,Off,Off,Off
RTユニット,Off,Off,Off,Off,Off
RT最大CH,0,0,0,0,0
最大ロジックCH数,4
Logic/Pulse,Off,Off,Off,Off,Off,Off,Off
温度単位,C
測定間隔,5min
測定点数,279       
トリガ点,0         
開始時刻,2025-01-09,14:47:51
終了時刻,2025-01-10,14:01:03
トリガ時刻,2025-01-09,14:47:59
アンプ設定
CH,信号名,アンプ,入力,レンジ,温度レンジ,フィルタ,スパン,,単位,線色,,,線幅
CH1," CH1","M",TEMP,PT,100degC,Off,+50.00,-60.00,[degC],28,5,6,0
CH2," CH2","M",TEMP,PT1000,100degC,Off,+50.00,-60.00,[degC],0,13,23,0
CH3," CH3","M",TEMP,PT,100degC,Off,+50.00,-60.00,[degC],9,22,8,0
CH4," CH4","M",TEMP,PT,100degC,Off,+50.00,-60.00,[degC],21,0,21,0
CH5," CH5","M",TEMP,PT,100degC,Off,+50.00,-60.00,[degC],28,16,2,0
CH6," CH6","M",TEMP,PT,100degC,Off,+50.00,-60.00,[degC],5,23,30,0
CH7," CH7","M",TEMP,PT1000,100degC,Off,+50.00,-60.00,[degC],30,23,1,0
CH11," CH11","M",TEMP,PT,100degC,Off,+100.00,-10.00,[degC],28,5,6,0
CH12," CH12","M",TEMP,PT,100degC,Off,+100.00,-10.00,[degC],0,13,23,0
CH13," CH13","M",TEMP,PT,100degC,Off,+100.00,-10.00,[degC],9,22,8,0
CH14," CH14","M",TEMP,PT,100degC,Off,+100.00,-10.00,[degC],21,0,21,0
CH15," CH15","M",TEMP,PT,100degC,Off,+100.00,-10.00,[degC],28,16,2,0
CH16," CH16","M",TEMP,PT,100degC,Off,+100.00,-10.00,[degC],5,23,30,0
CH17," CH17","M",TEMP,PT,100degC,Off,+100.00,-10.00,[degC],30,23,1,0
CH18," CH18","M",TEMP,PT,100degC,Off,+100.00,-10.00,[degC],28,0,17,0
CH19," CH19","M",TEMP,PT,100degC,Off,+100.00,-10.00,[degC],17,11,7,0
CH20," CH20","M",TEMP,PT,100degC,Off,+100.00,-10.00,[degC],19,27,0,0
演算設定
CH,左項,演算子,右項,スケーリング,スパン,,単位
測定値
番号,日付/時間,ms,CH1,CH2,CH3,CH4,CH5,CH6,CH7,CH11,CH12,CH13,CH14,CH15,CH16,CH17,CH18,CH19,CH20,Alarm1-10,Alarm11-20,AlarmOut
NO.,Time,ms,"degC","degC","degC","degC","degC","degC","degC","degC","degC","degC","degC","degC","degC","degC","degC","degC","degC","A1234567890","A1234567890","AO1234"
         1,2025/01/09 14:47:59,  0,+++++++,+++++++,+ 18.37,+ 34.53,+ 31.07,+ 19.01,-------,+++++++,+ 19.40,+++++++,+ 19.47,+ 18.83,+++++++,+++++++,+++++++,+++++++,+++++++,LLLLLLLLLL,LLLLLLLLLL,LLLL
         2,2025/01/09 14:52:59,  0,+++++++,+++++++,+ 18.11,+ 33.29,+ 29.22,+ 18.78,-------,+++++++,+ 18.91,+++++++,+ 19.06,+ 18.75,+++++++,+++++++,+++++++,+++++++,+++++++,LLLLLLLLLL,LLLLLLLLLL,LLLL
         3,2025/01/09 14:57:59,  0,+++++++,+++++++,+ 18.37,+ 33.01,+ 29.06,+ 19.09,-------,+++++++,+ 19.19,+++++++,+ 19.53,+ 18.88,+++++++,+++++++,+++++++,+++++++,+++++++,LLLLLLLLLL,LLLLLLLLLL,LLLL
         4,2025/01/09 15:02:59,  0,+++++++,+++++++,+ 18.34,+ 32.70,+ 28.75,+ 18.88,-------,+++++++,+ 19.04,+++++++,+ 19.45,+ 18.88,+++++++,+++++++,+++++++,+++++++,+++++++,LLLLLLLLLL,LLLLLLLLLL,LLLL
         5,2025/01/09 15:07:59,  0,+++++++,+++++++,+ 18.55,+ 32.96,+ 28.67,+ 19.27,-------,+++++++,+ 19.06,+++++++,+ 19.45,+ 18.93,+++++++,+++++++,+++++++,+++++++,+++++++,LLLLLLLLLL,LLLLLLLLLL,LLLL
         6,2025/01/09 15:12:59,  0,+++++++,+++++++,+ 18.39,+ 32.78,+ 28.31,+ 19.01,-------,+++++++,+ 19.01,+++++++,+ 19.45,+ 18.91,+++++++,+++++++,+++++++,+++++++,+++++++,LLLLLLLLLL,LLLLLLLLLL,LLLL
         7,2025/01/09 15:17:59,  0,+++++++,+++++++,+ 18.52,+ 33.94,+ 28.23,+ 19.19,-------,+++++++,+ 19.06,+++++++,+ 19.50,+ 18.93,+++++++,+++++++,+++++++,+++++++,+++++++,LLLLLLLLLL,LLLLLLLLLL,LLLL
         8,2025/01/09 15:22:59,  0,+++++++,+++++++,+ 18.68,+ 33.06,+ 28.29,+ 19.32,-------,+++++++,+ 19.11,+++++++,+ 19.60,+ 19.01,+++++++,+++++++,+++++++,+++++++,+++++++,LLLLLLLLLL,LLLLLLLLLL,LLLL
         9,2025/01/09 15:27:59,  0,+++++++,+++++++,+ 18.65,+ 46.20,+ 27.85,+ 19.35,-------,+++++++,+ 19.19,+++++++,+ 19.81,+ 19.06,+++++++,+++++++,+++++++,+++++++,+++++++,LLLLLLLLLL,LLLLLLLLLL,LLLL
        10,2025/01/09 15:32:59,  0,+++++++,+++++++,+ 18.55,+ 44.42,+ 27.46,+ 19.06,-------,+++++++,+ 19.11,+++++++,+ 19.73,+ 19.04,+++++++,+++++++,+++++++,+++++++,+++++++,LLLLLLLLLL,LLLLLLLLLL,LLLL
        11,2025/01/09 15:37:59,  0,+++++++,+++++++,+ 18.55,+ 43.59,+ 27.46,+ 19.19,-------,+++++++,+ 19.11,+++++++,+ 19.73,+ 19.01,+++++++,+++++++,+++++++,+++++++,+++++++,LLLLLLLLLL,LLLLLLLLLL,LLLL
        12,2025/01/09 15:42:59,  0,+++++++,+++++++,+ 18.29,+ 42.68,+ 27.07,+ 19.19,-------,+++++++,+ 19.11,+++++++,+ 19.71,+ 18.98,+++++++,+++++++,+++++++,+++++++,+++++++,LLLLLLLLLL,LLLLLLLLLL,LLLL
        13,2025/01/09 15:47:59,  0,+++++++,+++++++,+ 18.47,+ 42.16,+ 27.33,+ 19.32,-------,+++++++,+ 19.11,+++++++,+ 19.83,+ 19.01,+++++++,+++++++,+++++++,+++++++,+++++++,LLLLLLLLLL,LLLLLLLLLL,LLLL
        14,2025/01/09 15:52:59,  0,+++++++,+++++++,+ 18.60,+ 41.96,+ 27.36,+ 19.29,-------,+++++++,+ 19.14,+++++++,+ 19.81,+ 19.04,+++++++,+++++++,+++++++,+++++++,+++++++,LLLLLLLLLL,LLLLLLLLLL,LLLL
        15,2025/01/09 15:57:59,  0,+++++++,+++++++,+ 18.62,+ 41.54,+ 27.36,+ 19.29,-------,+++++++,+ 19.14,+++++++,+ 19.76,+ 19.04,+++++++,+++++++,+++++++,+++++++,+++++++,LLLLLLLLLL,LLLLLLLLLL,LLLL
        16,2025/01/09 16:02:59,  0,+++++++,+++++++,+ 18.60,+ 41.33,+ 27.20,+ 19.32,-------,+++++++,+ 19.11,+++++++,+ 19.83,+ 19.04,+++++++,+++++++,+++++++,+++++++,+++++++,LLLLLLLLLL,LLLLLLLLLL,LLLL
        17,2025/01/09 16:07:59,  0,+++++++,+++++++,+ 18.37,+ 40.69,+ 26.92,+ 18.91,-------,+++++++,+ 19.09,+++++++,+ 19.78,+ 19.01,+++++++,+++++++,+++++++,+++++++,+++++++,LLLLLLLLLL,LLLLLLLLLL,LLLL
        18,2025/01/09 16:12:59,  0,+++++++,+++++++,+ 18.21,+ 40.40,+ 26.71,+ 18.88,-------,+++++++,+ 19.06,+++++++,+ 19.58,+ 18.96,+++++++,+++++++,+++++++,+++++++,+++++++,LLLLLLLLLL,LLLLLLLLLL,LLLL
        19,2025/01/09 16:17:59,  0,+++++++,+++++++,+ 18.29,+ 40.35,+ 26.84,+ 19.16,-------,+++++++,+ 19.06,+++++++,+ 19.78,+ 18.93,+++++++,+++++++,+++++++,+++++++,+++++++,LLLLLLLLLL,LLLLLLLLLL,LLLL
        20,2025/01/09 16:22:59,  0,+++++++,+++++++,+ 18.37,+ 40.14,+ 26.84,+ 19.11,-------,+++++++,+ 19.06,+++++++,+ 19.76,+ 18.93,+++++++,+++++++,+++++++,+++++++,+++++++,LLLLLLLLLL,LLLLLLLLLL,LLLL
        21,2025/01/09 16:27:59,  0,+++++++,+++++++,+ 18.52,+ 40.22,+ 27.00,+ 19.27,-------,+++++++,+ 19.06,+++++++,+ 19.78,+ 18.96,+++++++,+++++++,+++++++,+++++++,+++++++,LLLLLLLLLL,LLLLLLLLLL,LLLL
        22,2025/01/09 16:32:59,  0,+++++++,+++++++,+ 18.44,+ 39.94,+ 26.92,+ 19.19,-------,+++++++,+ 19.06,+++++++,+ 19.83,+ 18.96,+++++++,+++++++,+++++++,+++++++,+++++++,LLLLLLLLLL,LLLLLLLLLL,LLLL
        23,2025/01/09 16:37:59,  0,+++++++,+++++++,+ 18.55,+ 39.88,+ 26.97,+ 19.22,-------,+++++++,+ 19.06,+++++++,+ 19.78,+ 18.93,+++++++,+++++++,+++++++,+++++++,+++++++,LLLLLLLLLL,LLLLLLLLLL,LLLL
        24,2025/01/09 16:42:59,  0,+++++++,+++++++,+ 18.55,+ 39.70,+ 26.97,+ 19.19,-------,+++++++,+ 19.06,+++++++,+ 19.78,+ 18.96,+++++++,+++++++,+++++++,+++++++,+++++++,LLLLLLLLLL,LLLLLLLLLL,LLLL
        25,2025/01/09 16:47:59,  0,+++++++,+++++++,+ 18.16,+ 39.18,+ 26.48,+ 19.01,-------,+++++++,+ 19.09,+++++++,+ 19.71,+ 18.96,+++++++,+++++++,+++++++,+++++++,+++++++,LLLLLLLLLL,LLLLLLLLLL,LLLL
        26,2025/01/09 16:52:59,  0,+++++++,+++++++,+ 18.55,+ 39.34,+ 26.89,+ 19.16,-------,+++++++,+ 19.11,+++++++,+ 19.83,+ 19.01,+++++++,+++++++,+++++++,+++++++,+++++++,LLLLLLLLLL,LLLLLLLLLL,LLLL
        27,2025/01/09 16:57:59,  0,+++++++,+++++++,+ 18.55,+ 39.29,+ 26.94,+ 19.24,-------,+++++++,+ 19.11,+++++++,+ 19.86,+ 19.01,+++++++,+++++++,+++++++,+++++++,+++++++,LLLLLLLLLL,LLLLLLLLLL,LLLL
        28,2025/01/09 17:02:59,  0,+++++++,+++++++,+ 18.44,+ 38.87,+ 26.66,+ 19.01,-------,+++++++,+ 19.14,+++++++,+ 19.83,+ 19.04,+++++++,+++++++,+++++++,+++++++,+++++++,LLLLLLLLLL,LLLLLLLLLL,LLLL
        29,2025/01/09 17:07:59,  0,+++++++,+++++++,+ 18.62,+ 39.00,+ 27.02,+ 19.32,-------,+++++++,+ 19.11,+++++++,+ 19.83,+ 19.04,+++++++,+++++++,+++++++,+++++++,+++++++,LLLLLLLLLL,LLLLLLLLLL,LLLL
        30,2025/01/09 17:12:59,  0,+++++++,+++++++,+ 18.52,+ 38.74,+ 26.87,+ 19.19,-------,+++++++,+ 19.14,+++++++,+ 19.81,+ 19.01,+++++++,+++++++,+++++++,+++++++,+++++++,LLLLLLLLLL,LLLLLLLLLL,LLLL
        31,2025/01/09 17:17:59,  0,+++++++,+++++++,+ 18.55,+ 38.72,+ 26.94,+ 19.29,-------,+++++++,+ 19.14,+++++++,+ 19.86,+ 19.06,+++++++,+++++++,+++++++,+++++++,+++++++,LLLLLLLLLL,LLLLLLLLLL,LLLL
        32,2025/01/09 17:22:59,  0,+++++++,+++++++,+ 18.55,+ 38.59,+ 26.92,+ 19.22,-------,+++++++,+ 19.14,+++++++,+ 19.83,+ 19.06,+++++++,+++++++,+++++++,+++++++,+++++++,LLLLLLLLLL,LLLLLLLLLL,LLLL
        33,2025/01/09 17:27:59,  0,+++++++,+++++++,+ 18.44,+ 38.33,+ 26.79,+ 19.19,-------,+++++++,+ 19.16,+++++++,+ 19.94,+ 19.06,+++++++,+++++++,+++++++,+++++++,+++++++,LLLLLLLLLL,LLLLLLLLLL,LLLL
        34,2025/01/09 17:32:59,  0,+++++++,+++++++,+ 18.55,+ 38.25,+ 26.82,+ 19.24,-------,+++++++,+ 19.19,+++++++,+ 19.94,+ 19.06,+++++++,+++++++,+++++++,+++++++,+++++++,LLLLLLLLLL,LLLLLLLLLL,LLLL
        35,2025/01/09 17:37:59,  0,+++++++,+++++++,+ 18.55,+ 38.05,+ 26.79,+ 19.29,-------,+++++++,+ 19.19,+++++++,+ 19.96,+ 19.06,+++++++,+++++++,+++++++,+++++++,+++++++,LLLLLLLLLL,LLLLLLLLLL,LLLL
        36,2025/01/09 17:42:59,  0,+++++++,+++++++,+ 18.50,+ 37.86,+ 26.82,+ 19.19,-------,+++++++,+ 19.19,+++++++,+ 19.91,+ 19.11,+++++++,+++++++,+++++++,+++++++,+++++++,LLLLLLLLLL,LLLLLLLLLL,LLLL
        37,2025/01/09 17:47:59,  0,+++++++,+++++++,+ 18.50,+ 37.61,+ 26.82,+ 19.27,-------,+++++++,+ 19.19,+++++++,+ 20.04,+ 19.11,+++++++,+++++++,+++++++,+++++++,+++++++,LLLLLLLLLL,LLLLLLLLLL,LLLL
        38,2025/01/09 17:52:59,  0,+++++++,+++++++,+ 18.65,+ 37.58,+ 26.92,+ 19.40,-------,+++++++,+ 19.16,+++++++,+ 19.94,+ 19.06,+++++++,+++++++,+++++++,+++++++,+++++++,LLLLLLLLLL,LLLLLLLLLL,LLLL
        39,2025/01/09 17:57:59,  0,+++++++,+++++++,+ 18.65,+ 37.32,+ 26.92,+ 19.32,-------,+++++++,+ 19.16,+++++++,+ 19.83,+ 19.06,+++++++,+++++++,+++++++,+++++++,+++++++,LLLLLLLLLL,LLLLLLLLLL,LLLL
        40,2025/01/09 18:02:59,  0,+++++++,+++++++,+ 18.55,+ 37.04,+ 26.84,+ 19.29,-------,+++++++,+ 19.19,+++++++,+ 19.91,+ 19.06,+++++++,+++++++,+++++++,+++++++,+++++++,LLLLLLLLLL,LLLLLLLLLL,LLLL
        41,2025/01/09 18:07:59,  0,+++++++,+++++++,+ 18.52,+ 36.78,+ 26.79,+ 19.22,-------,+++++++,+ 19.19,+++++++,+ 19.89,+ 19.06,+++++++,+++++++,+++++++,+++++++,+++++++,LLLLLLLLLL,LLLLLLLLLL,LLLL
        42,2025/01/09 18:12:59,  0,+++++++,+++++++,+ 18.52,+ 36.65,+ 26.82,+ 19.19,-------,+++++++,+ 19.09,+++++++,+ 19.86,+ 18.98,+++++++,+++++++,+++++++,+++++++,+++++++,LLLLLLLLLL,LLLLLLLLLL,LLLL
        43,2025/01/09 18:17:59,  0,+++++++,+++++++,+ 18.44,+ 36.34,+ 26.76,+ 19.11,-------,+++++++,+ 19.06,+++++++,+ 19.86,+ 18.98,+++++++,+++++++,+++++++,+++++++,+++++++,LLLLLLLLLL,LLLLLLLLLL,LLLL
        44,2025/01/09 18:22:59,  0,+++++++,+++++++,+ 18.32,+ 35.98,+ 26.66,+ 18.93,-------,+++++++,+ 19.01,+++++++,+ 19.60,+ 18.88,+++++++,+++++++,+++++++,+++++++,+++++++,LLLLLLLLLL,LLLLLLLLLL,LLLL
        45,2025/01/09 18:27:59,  0,+++++++,+++++++,+ 18.21,+ 35.77,+ 26.51,+ 18.93,-------,+++++++,+ 18.96,+++++++,+ 19.65,+ 18.83,+++++++,+++++++,+++++++,+++++++,+++++++,LLLLLLLLLL,LLLLLLLLLL,LLLL
        46,2025/01/09 18:32:59,  0,+++++++,+++++++,+ 18.42,+ 35.77,+ 26.71,+ 19.09,-------,+++++++,+ 18.93,+++++++,+ 19.71,+ 18.86,+++++++,+++++++,+++++++,+++++++,+++++++,LLLLLLLLLL,LLLLLLLLLL,LLLL
        47,2025/01/09 18:37:59,  0,+++++++,+++++++,+ 18.37,+ 35.41,+ 26.66,+ 19.06,-------,+++++++,+ 18.93,+++++++,+ 19.71,+ 18.80,+++++++,+++++++,+++++++,+++++++,+++++++,LLLLLLLLLL,LLLLLLLLLL,LLLL
        48,2025/01/09 18:42:59,  0,+++++++,+++++++,+ 18.37,+ 35.20,+ 26.66,+ 19.11,-------,+++++++,+ 18.93,+++++++,+ 19.71,+ 18.83,+++++++,+++++++,+++++++,+++++++,+++++++,LLLLLLLLLL,LLLLLLLLLL,LLLL
        49,2025/01/09 18:47:59,  0,+++++++,+++++++,+ 18.32,+ 34.97,+ 26.53,+ 19.01,-------,+++++++,+ 18.93,+++++++,+ 19.63,+ 18.83,+++++++,+++++++,+++++++,+++++++,+++++++,LLLLLLLLLL,LLLLLLLLLL,LLLL
        50,2025/01/09 18:52:59,  0,+++++++,+++++++,+ 18.26,+ 34.69,+ 26.43,+ 18.98,-------,+++++++,+ 18.91,+++++++,+ 19.71,+ 18.80,+++++++,+++++++,+++++++,+++++++,+++++++,LLLLLLLLLL,LLLLLLLLLL,LLLL
        51,2025/01/09 18:57:59,  0,+++++++,+++++++,+ 18.34,+ 34.61,+ 26.53,+ 19.04,-------,+++++++,+ 18.93,+++++++,+ 19.58,+ 18.80,+++++++,+++++++,+++++++,+++++++,+++++++,LLLLLLLLLL,LLLLLLLLLL,LLLL
        52,2025/01/09 19:02:59,  0,+++++++,+++++++,+ 18.26,+ 34.22,+ 26.48,+ 18.93,-------,+++++++,+ 18.88,+++++++,+ 19.68,+ 18.80,+++++++,+++++++,+++++++,+++++++,+++++++,LLLLLLLLLL,LLLLLLLLLL,LLLL
        53,2025/01/09 19:07:59,  0,+++++++,+++++++,+ 18.34,+ 34.14,+ 26.63,+ 19.01,-------,+++++++,+ 18.91,+++++++,+ 19.71,+ 18.80,+++++++,+++++++,+++++++,+++++++,+++++++,LLLLLLLLLL,LLLLLLLLLL,LLLL
        54,2025/01/09 19:12:59,  0,+++++++,+++++++,+ 18.29,+ 33.71,+ 26.53,+ 18.98,-------,+++++++,+ 18.88,+++++++,+ 19.63,+ 18.75,+++++++,+++++++,+++++++,+++++++,+++++++,LLLLLLLLLL,LLLLLLLLLL,LLLL
        55,2025/01/09 19:17:59,  0,+++++++,+++++++,+ 18.21,+ 33.29,+ 26.40,+ 18.93,-------,+++++++,+ 18.86,+++++++,+ 19.76,+ 18.80,+++++++,+++++++,+++++++,+++++++,+++++++,LLLLLLLLLL,LLLLLLLLLL,LLLL
        56,2025/01/09 19:22:59,  0,+++++++,+++++++,+ 18.29,+ 33.06,+ 26.45,+ 18.96,-------,+++++++,+ 18.86,+++++++,+ 19.71,+ 18.75,+++++++,+++++++,+++++++,+++++++,+++++++,LLLLLLLLLL,LLLLLLLLLL,LLLL
        57,2025/01/09 19:27:59,  0,+++++++,+++++++,+ 18.29,+ 32.78,+ 26.48,+ 19.04,-------,+++++++,+ 18.88,+++++++,+ 19.65,+ 18.78,+++++++,+++++++,+++++++,+++++++,+++++++,LLLLLLLLLL,LLLLLLLLLL,LLLL
        58,2025/01/09 19:32:59,  0,+++++++,+++++++,+ 18.34,+ 32.65,+ 26.53,+ 19.04,-------,+++++++,+ 18.86,+++++++,+ 19.71,+ 18.75,+++++++,+++++++,+++++++,+++++++,+++++++,LLLLLLLLLL,LLLLLLLLLL,LLLL
        59,2025/01/09 19:37:59,  0,+++++++,+++++++,+ 18.24,+ 32.18,+ 26.40,+ 18.93,-------,+++++++,+ 18.83,+++++++,+ 19.65,+ 18.73,+++++++,+++++++,+++++++,+++++++,+++++++,LLLLLLLLLL,LLLLLLLLLL,LLLL
        60,2025/01/09 19:42:59,  0,+++++++,+++++++,+ 18.21,+ 31.98,+ 26.38,+ 18.86,-------,+++++++,+ 18.83,+++++++,+ 19.76,+ 18.78,+++++++,+++++++,+++++++,+++++++,+++++++,LLLLLLLLLL,LLLLLLLLLL,LLLL
        61,2025/01/09 19:47:59,  0,+++++++,+++++++,+ 18.24,+ 31.72,+ 26.40,+ 18.83,-------,+++++++,+ 18.80,+++++++,+ 19.60,+ 18.70,+++++++,+++++++,+++++++,+++++++,+++++++,LLLLLLLLLL,LLLLLLLLLL,LLLL
        62,2025/01/09 19:52:59,  0,+++++++,+++++++,+ 18.29,+ 31.51,+ 26.43,+ 18.93,-------,+++++++,+ 18.78,+++++++,+ 19.63,+ 18.68,+++++++,+++++++,+++++++,+++++++,+++++++,LLLLLLLLLL,LLLLLLLLLL,LLLL
        63,2025/01/09 19:57:59,  0,+++++++,+++++++,+ 18.16,+ 31.20,+ 26.30,+ 18.86,-------,+++++++,+ 18.75,+++++++,+ 19.58,+ 18.68,+++++++,+++++++,+++++++,+++++++,+++++++,LLLLLLLLLL,LLLLLLLLLL,LLLL
        64,2025/01/09 20:02:59,  0,+++++++,+++++++,+ 18.19,+ 31.02,+ 26.30,+ 18.93,-------,+++++++,+ 18.73,+++++++,+ 19.50,+ 18.62,+++++++,+++++++,+++++++,+++++++,+++++++,LLLLLLLLLL,LLLLLLLLLL,LLLL
        65,2025/01/09 20:07:59,  0,+++++++,+++++++,+ 18.29,+ 30.94,+ 26.40,+ 18.93,-------,+++++++,+ 18.75,+++++++,+ 19.63,+ 18.65,+++++++,+++++++,+++++++,+++++++,+++++++,LLLLLLLLLL,LLLLLLLLLL,LLLL
        66,2025/01/09 20:12:59,  0,+++++++,+++++++,+ 18.34,+ 30.94,+ 26.40,+ 18.98,-------,+++++++,+ 18.78,+++++++,+ 19.58,+ 18.68,+++++++,+++++++,+++++++,+++++++,+++++++,LLLLLLLLLL,LLLLLLLLLL,LLLL
        67,2025/01/09 20:17:59,  0,+++++++,+++++++,+ 18.32,+ 30.71,+ 26.40,+ 19.06,-------,+++++++,+ 18.78,+++++++,+ 19.63,+ 18.65,+++++++,+++++++,+++++++,+++++++,+++++++,LLLLLLLLLL,LLLLLLLLLL,LLLL
        68,2025/01/09 20:22:59,  0,+++++++,+++++++,+ 18.32,+ 30.61,+ 26.40,+ 19.06,-------,+++++++,+ 18.78,+++++++,+ 19.65,+ 18.70,+++++++,+++++++,+++++++,+++++++,+++++++,LLLLLLLLLL,LLLLLLLLLL,LLLL
        69,2025/01/09 20:27:59,  0,+++++++,+++++++,+ 18.19,+ 30.30,+ 26.27,+ 18.93,-------,+++++++,+ 18.78,+++++++,+ 19.55,+ 18.68,+++++++,+++++++,+++++++,+++++++,+++++++,LLLLLLLLLL,LLLLLLLLLL,LLLL
        70,2025/01/09 20:32:59,  0,+++++++,+++++++,+ 18.29,+ 30.30,+ 26.38,+ 19.01,-------,+++++++,+ 18.78,+++++++,+ 19.55,+ 18.68,+++++++,+++++++,+++++++,+++++++,+++++++,LLLLLLLLLL,LLLLLLLLLL,LLLL
        71,2025/01/09 20:37:59,  0,+++++++,+++++++,+ 18.21,+ 30.02,+ 26.27,+ 18.83,-------,+++++++,+ 18.73,+++++++,+ 19.37,+ 18.57,+++++++,+++++++,+++++++,+++++++,+++++++,LLLLLLLLLL,LLLLLLLLLL,LLLL
        72,2025/01/09 20:42:59,  0,+++++++,+++++++,+ 18.21,+ 29.94,+ 26.27,+ 18.80,-------,+++++++,+ 18.73,+++++++,+ 19.45,+ 18.60,+++++++,+++++++,+++++++,+++++++,+++++++,LLLLLLLLLL,LLLLLLLLLL,LLLL
        73,2025/01/09 20:47:59,  0,+++++++,+++++++,+ 18.19,+ 29.83,+ 26.20,+ 18.83,-------,+++++++,+ 18.70,+++++++,+ 19.42,+ 18.57,+++++++,+++++++,+++++++,+++++++,+++++++,LLLLLLLLLL,LLLLLLLLLL,LLLL
        74,2025/01/09 20:52:59,  0,+++++++,+++++++,+ 18.06,+ 29.65,+ 26.14,+ 18.80,-------,+++++++,+ 18.70,+++++++,+ 19.47,+ 18.55,+++++++,+++++++,+++++++,+++++++,+++++++,LLLLLLLLLL,LLLLLLLLLL,LLLL
        75,2025/01/09 20:57:59,  0,+++++++,+++++++,+ 18.19,+ 29.58,+ 26.25,+ 18.78,-------,+++++++,+ 18.68,+++++++,+ 19.45,+ 18.57,+++++++,+++++++,+++++++,+++++++,+++++++,LLLLLLLLLL,LLLLLLLLLL,LLLL
        76,2025/01/09 21:02:59,  0,+++++++,+++++++,+ 18.08,+ 29.40,+ 26.14,+ 18.80,-------,+++++++,+ 18.68,+++++++,+ 19.47,+ 18.57,+++++++,+++++++,+++++++,+++++++,+++++++,LLLLLLLLLL,LLLLLLLLLL,LLLL
        77,2025/01/09 21:07:59,  0,+++++++,+++++++,+ 18.21,+ 29.58,+ 26.27,+ 18.93,-------,+++++++,+ 18.68,+++++++,+ 19.47,+ 18.60,+++++++,+++++++,+++++++,+++++++,+++++++,LLLLLLLLLL,LLLLLLLLLL,LLLL
        78,2025/01/09 21:12:59,  0,+++++++,+++++++,+ 18.21,+ 29.45,+ 26.22,+ 18.88,-------,+++++++,+ 18.65,+++++++,+ 19.47,+ 18.55,+++++++,+++++++,+++++++,+++++++,+++++++,LLLLLLLLLL,LLLLLLLLLL,LLLL
        79,2025/01/09 21:17:59,  0,+++++++,+++++++,+ 18.14,+ 29.22,+ 26.12,+ 18.75,-------,+++++++,+ 18.65,+++++++,+ 19.53,+ 18.55,+++++++,+++++++,+++++++,+++++++,+++++++,LLLLLLLLLL,LLLLLLLLLL,LLLL
        80,2025/01/09 21:22:59,  0,+++++++,+++++++,+ 17.98,+ 29.01,+ 25.99,+ 18.65,-------,+++++++,+ 18.68,+++++++,+ 19.50,+ 18.57,+++++++,+++++++,+++++++,+++++++,+++++++,LLLLLLLLLL,LLLLLLLLLL,LLLL
        81,2025/01/09 21:27:59,  0,+++++++,+++++++,+ 18.08,+ 29.09,+ 26.02,+ 18.73,-------,+++++++,+ 18.70,+++++++,+ 19.47,+ 18.62,+++++++,+++++++,+++++++,+++++++,+++++++,LLLLLLLLLL,LLLLLLLLLL,LLLL
        82,2025/01/09 21:32:59,  0,+++++++,+++++++,+ 18.19,+ 29.16,+ 26.17,+ 18.93,-------,+++++++,+ 18.68,+++++++,+ 19.45,+ 18.55,+++++++,+++++++,+++++++,+++++++,+++++++,LLLLLLLLLL,LLLLLLLLLL,LLLL
        83,2025/01/09 21:37:59,  0,+++++++,+++++++,+ 18.03,+ 28.83,+ 25.96,+ 18.47,-------,+++++++,+ 18.68,+++++++,+ 19.55,+ 18.60,+++++++,+++++++,+++++++,+++++++,+++++++,LLLLLLLLLL,LLLLLLLLLL,LLLL
        84,2025/01/09 21:42:59,  0,+++++++,+++++++,+ 18.19,+ 28.98,+ 26.14,+ 18.86,-------,+++++++,+ 18.68,+++++++,+ 19.40,+ 18.57,+++++++,+++++++,+++++++,+++++++,+++++++,LLLLLLLLLL,LLLLLLLLLL,LLLL
        85,2025/01/09 21:47:59,  0,+++++++,+++++++,+ 18.21,+ 28.88,+ 26.14,+ 18.86,-------,+++++++,+ 18.65,+++++++,+ 19.37,+ 18.55,+++++++,+++++++,+++++++,+++++++,+++++++,LLLLLLLLLL,LLLLLLLLLL,LLLL
        86,2025/01/09 21:52:59,  0,+++++++,+++++++,+ 18.16,+ 28.75,+ 26.14,+ 18.80,-------,+++++++,+ 18.68,+++++++,+ 19.45,+ 18.60,+++++++,+++++++,+++++++,+++++++,+++++++,LLLLLLLLLL,LLLLLLLLLL,LLLL
        87,2025/01/09 21:57:59,  0,+++++++,+++++++,+ 18.14,+ 28.62,+ 26.02,+ 18.70,-------,+++++++,+ 18.65,+++++++,+ 19.37,+ 18.52,+++++++,+++++++,+++++++,+++++++,+++++++,LLLLLLLLLL,LLLLLLLLLL,LLLL
        88,2025/01/09 22:02:59,  0,+++++++,+++++++,+ 18.03,+ 28.49,+ 25.99,+ 18.80,-------,+++++++,+ 18.60,+++++++,+ 19.42,+ 18.50,+++++++,+++++++,+++++++,+++++++,+++++++,LLLLLLLLLL,LLLLLLLLLL,LLLL
        89,2025/01/09 22:07:59,  0,+++++++,+++++++,+ 18.16,+ 28.54,+ 26.04,+ 18.80,-------,+++++++,+ 18.60,+++++++,+ 19.37,+ 18.44,+++++++,+++++++,+++++++,+++++++,+++++++,LLLLLLLLLL,LLLLLLLLLL,LLLL
        90,2025/01/09 22:12:59,  0,+++++++,+++++++,+ 17.95,+ 28.29,+ 25.91,+ 18.62,-------,+++++++,+ 18.57,+++++++,+ 19.45,+ 18.47,+++++++,+++++++,+++++++,+++++++,+++++++,LLLLLLLLLL,LLLLLLLLLL,LLLL
        91,2025/01/09 22:17:59,  0,+++++++,+++++++,+ 18.16,+ 28.42,+ 26.02,+ 18.86,-------,+++++++,+ 18.57,+++++++,+ 19.35,+ 18.47,+++++++,+++++++,+++++++,+++++++,+++++++,LLLLLLLLLL,LLLLLLLLLL,LLLL
        92,2025/01/09 22:22:59,  0,+++++++,+++++++,+ 18.03,+ 28.21,+ 25.89,+ 18.75,-------,+++++++,+ 18.55,+++++++,+ 19.37,+ 18.50,+++++++,+++++++,+++++++,+++++++,+++++++,LLLLLLLLLL,LLLLLLLLLL,LLLL
        93,2025/01/09 22:27:59,  0,+++++++,+++++++,+ 18.14,+ 28.23,+ 26.02,+ 18.80,-------,+++++++,+ 18.60,+++++++,+ 19.40,+ 18.47,+++++++,+++++++,+++++++,+++++++,+++++++,LLLLLLLLLL,LLLLLLLLLL,LLLL
        94,2025/01/09 22:32:59,  0,+++++++,+++++++,+ 18.08,+ 28.13,+ 26.02,+ 18.80,-------,+++++++,+ 18.57,+++++++,+ 19.32,+ 18.47,+++++++,+++++++,+++++++,+++++++,+++++++,LLLLLLLLLL,LLLLLLLLLL,LLLL
        95,2025/01/09 22:37:59,  0,+++++++,+++++++,+ 18.08,+ 27.98,+ 25.96,+ 18.75,-------,+++++++,+ 18.60,+++++++,+ 19.42,+ 18.52,+++++++,+++++++,+++++++,+++++++,+++++++,LLLLLLLLLL,LLLLLLLLLL,LLLL
        96,2025/01/09 22:42:59,  0,+++++++,+++++++,+ 18.16,+ 28.03,+ 26.04,+ 18.83,-------,+++++++,+ 18.60,+++++++,+ 19.32,+ 18.50,+++++++,+++++++,+++++++,+++++++,+++++++,LLLLLLLLLL,LLLLLLLLLL,LLLL
        97,2025/01/09 22:47:59,  0,+++++++,+++++++,+ 18.21,+ 28.03,+ 26.04,+ 18.83,-------,+++++++,+ 18.60,+++++++,+ 19.42,+ 18.55,+++++++,+++++++,+++++++,+++++++,+++++++,LLLLLLLLLL,LLLLLLLLLL,LLLL
        98,2025/01/09 22:52:59,  0,+++++++,+++++++,+ 18.11,+ 27.98,+ 25.96,+ 18.83,-------,+++++++,+ 18.62,+++++++,+ 19.35,+ 18.52,+++++++,+++++++,+++++++,+++++++,+++++++,LLLLLLLLLL,LLLLLLLLLL,LLLL
        99,2025/01/09 22:57:59,  0,+++++++,+++++++,+ 18.21,+ 27.98,+ 26.02,+ 18.93,-------,+++++++,+ 18.65,+++++++,+ 19.47,+ 18.55,+++++++,+++++++,+++++++,+++++++,+++++++,LLLLLLLLLL,LLLLLLLLLL,LLLL
       100,2025/01/09 23:02:59,  0,+++++++,+++++++,+ 18.03,+ 27.59,+ 25.89,+ 18.42,-------,+++++++,+ 18.65,+++++++,+ 19.35,+ 18.47,+++++++,+++++++,+++++++,+++++++,+++++++,LLLLLLLLLL,LLLLLLLLLL,LLLL
       101,2025/01/09 23:07:59,  0,+++++++,+++++++,+ 18.03,+ 27.62,+ 25.89,+ 18.68,-------,+++++++,+ 18.62,+++++++,+ 19.27,+ 18.47,+++++++,+++++++,+++++++,+++++++,+++++++,LLLLLLLLLL,LLLLLLLLLL,LLLL
       102,2025/01/09 23:12:59,  0,+++++++,+++++++,+ 18.14,+ 27.72,+ 25.94,+ 18.80,-------,+++++++,+ 18.55,+++++++,+ 19.40,+ 18.44,+++++++,+++++++,+++++++,+++++++,+++++++,LLLLLLLLLL,LLLLLLLLLL,LLLL
       103,2025/01/09 23:17:59,  0,+++++++,+++++++,+ 18.16,+ 27.67,+ 25.99,+ 18.80,-------,+++++++,+ 18.65,+++++++,+ 19.42,+ 18.52,+++++++,+++++++,+++++++,+++++++,+++++++,LLLLLLLLLL,LLLLLLLLLL,LLLL
       104,2025/01/09 23:22:59,  0,+++++++,+++++++,+ 18.16,+ 27.64,+ 25.94,+ 18.80,-------,+++++++,+ 18.68,+++++++,+ 19.40,+ 18.55,+++++++,+++++++,+++++++,+++++++,+++++++,LLLLLLLLLL,LLLLLLLLLL,LLLL
       105,2025/01/09 23:27:59,  0,+++++++,+++++++,+ 18.16,+ 27.67,+ 26.02,+ 18.93,-------,+++++++,+ 18.70,+++++++,+ 19.42,+ 18.55,+++++++,+++++++,+++++++,+++++++,+++++++,LLLLLLLLLL,LLLLLLLLLL,LLLL
       106,2025/01/09 23:32:59,  0,+++++++,+++++++,+ 18.21,+ 27.46,+ 26.02,+ 18.78,-------,+++++++,+ 18.75,+++++++,+ 19.47,+ 18.62,+++++++,+++++++,+++++++,+++++++,+++++++,LLLLLLLLLL,LLLLLLLLLL,LLLL
       107,2025/01/09 23:37:59,  0,+++++++,+++++++,+ 18.26,+ 27.67,+ 26.04,+ 18.98,-------,+++++++,+ 18.75,+++++++,+ 19.58,+ 18.65,+++++++,+++++++,+++++++,+++++++,+++++++,LLLLLLLLLL,LLLLLLLLLL,LLLL
       108,2025/01/09 23:42:59,  0,+++++++,+++++++,+ 18.29,+ 27.64,+ 26.07,+ 19.01,-------,+++++++,+ 18.78,+++++++,+ 19.50,+ 18.65,+++++++,+++++++,+++++++,+++++++,+++++++,LLLLLLLLLL,LLLLLLLLLL,LLLL
       109,2025/01/09 23:47:59,  0,+++++++,+++++++,+ 18.26,+ 27.51,+ 26.04,+ 18.93,-------,+++++++,+ 18.75,+++++++,+ 19.53,+ 18.65,+++++++,+++++++,+++++++,+++++++,+++++++,LLLLLLLLLL,LLLLLLLLLL,LLLL
       110,2025/01/09 23:52:59,  0,+++++++,+++++++,+ 18.29,+ 27.59,+ 26.02,+ 19.01,-------,+++++++,+ 18.78,+++++++,+ 19.55,+ 18.68,+++++++,+++++++,+++++++,+++++++,+++++++,LLLLLLLLLL,LLLLLLLLLL,LLLL
       111,2025/01/09 23:57:59,  0,+++++++,+++++++,+ 18.24,+ 27.51,+ 26.02,+ 18.93,-------,+++++++,+ 18.80,+++++++,+ 19.50,+ 18.65,+++++++,+++++++,+++++++,+++++++,+++++++,LLLLLLLLLL,LLLLLLLLLL,LLLL
       112,2025/01/10 00:02:59,  0,+++++++,+++++++,+ 18.19,+ 27.46,+ 26.02,+ 18.96,-------,+++++++,+ 18.75,+++++++,+ 19.47,+ 18.62,+++++++,+++++++,+++++++,+++++++,+++++++,LLLLLLLLLL,LLLLLLLLLL,LLLL
       113,2025/01/10 00:07:59,  0,+++++++,+++++++,+ 18.26,+ 27.43,+ 25.99,+ 18.96,-------,+++++++,+ 18.73,+++++++,+ 19.53,+ 18.60,+++++++,+++++++,+++++++,+++++++,+++++++,LLLLLLLLLL,LLLLLLLLLL,LLLL
       114,2025/01/10 00:12:59,  0,+++++++,+++++++,+ 18.16,+ 27.38,+ 25.94,+ 18.91,-------,+++++++,+ 18.73,+++++++,+ 19.47,+ 18.57,+++++++,+++++++,+++++++,+++++++,+++++++,LLLLLLLLLL,LLLLLLLLLL,LLLL
       115,2025/01/10 00:17:59,  0,+++++++,+++++++,+ 18.19,+ 27.31,+ 25.96,+ 18.78,-------,+++++++,+ 18.70,+++++++,+ 19.58,+ 18.57,+++++++,+++++++,+++++++,+++++++,+++++++,LLLLLLLLLL,LLLLLLLLLL,LLLL
       116,2025/01/10 00:22:59,  0,+++++++,+++++++,+ 18.16,+ 27.31,+ 25.91,+ 18.83,-------,+++++++,+ 18.73,+++++++,+ 19.45,+ 18.55,+++++++,+++++++,+++++++,+++++++,+++++++,LLLLLLLLLL,LLLLLLLLLL,LLLL
       117,2025/01/10 00:27:59,  0,+++++++,+++++++,+ 18.19,+ 27.25,+ 25.96,+ 18.80,-------,+++++++,+ 18.68,+++++++,+ 19.45,+ 18.52,+++++++,+++++++,+++++++,+++++++,+++++++,LLLLLLLLLL,LLLLLLLLLL,LLLL
       118,2025/01/10 00:32:59,  0,+++++++,+++++++,+ 18.16,+ 27.20,+ 25.96,+ 18.86,-------,+++++++,+ 18.70,+++++++,+ 19.45,+ 18.55,+++++++,+++++++,+++++++,+++++++,+++++++,LLLLLLLLLL,LLLLLLLLLL,LLLL
       119,2025/01/10 00:37:59,  0,+++++++,+++++++,+ 18.14,+ 27.10,+ 25.89,+ 18.80,-------,+++++++,+ 18.68,+++++++,+ 19.42,+ 18.52,+++++++,+++++++,+++++++,+++++++,+++++++,LLLLLLLLLL,LLLLLLLLLL,LLLL
       120,2025/01/10 00:42:59,  0,+++++++,+++++++,+ 18.16,+ 27.13,+ 25.91,+ 18.83,-------,+++++++,+ 18.70,+++++++,+ 19.37,+ 18.55,+++++++,+++++++,+++++++,+++++++,+++++++,LLLLLLLLLL,LLLLLLLLLL,LLLL
       121,2025/01/10 00:47:59,  0,+++++++,+++++++,+ 18.16,+ 27.07,+ 25.89,+ 18.83,-------,+++++++,+ 18.68,+++++++,+ 19.47,+ 18.50,+++++++,+++++++,+++++++,+++++++,+++++++,LLLLLLLLLL,LLLLLLLLLL,LLLL
       122,2025/01/10 00:52:59,  0,+++++++,+++++++,+ 18.14,+ 27.00,+ 25.89,+ 18.80,-------,+++++++,+ 18.70,+++++++,+ 19.55,+ 18.55,+++++++,+++++++,+++++++,+++++++,+++++++,LLLLLLLLLL,LLLLLLLLLL,LLLL
       123,2025/01/10 00:57:59,  0,+++++++,+++++++,+ 18.24,+ 27.02,+ 25.94,+ 18.86,-------,+++++++,+ 18.70,+++++++,+ 19.40,+ 18.55,+++++++,+++++++,+++++++,+++++++,+++++++,LLLLLLLLLL,LLLLLLLLLL,LLLL
       124,2025/01/10 01:02:59,  0,+++++++,+++++++,+ 18.06,+ 26.79,+ 25.86,+ 18.70,-------,+++++++,+ 18.73,+++++++,+ 19.45,+ 18.55,+++++++,+++++++,+++++++,+++++++,+++++++,LLLLLLLLLL,LLLLLLLLLL,LLLL
       125,2025/01/10 01:07:59,  0,+++++++,+++++++,+ 18.16,+ 26.92,+ 25.89,+ 18.83,-------,+++++++,+ 18.70,+++++++,+ 19.45,+ 18.55,+++++++,+++++++,+++++++,+++++++,+++++++,LLLLLLLLLL,LLLLLLLLLL,LLLL
       126,2025/01/10 01:12:59,  0,+++++++,+++++++,+ 18.16,+ 26.79,+ 25.89,+ 18.80,-------,+++++++,+ 18.68,+++++++,+ 19.50,+ 18.55,+++++++,+++++++,+++++++,+++++++,+++++++,LLLLLLLLLL,LLLLLLLLLL,LLLL
       127,2025/01/10 01:17:59,  0,+++++++,+++++++,+ 18.16,+ 26.76,+ 25.83,+ 18.75,-------,+++++++,+ 18.68,+++++++,+ 19.40,+ 18.52,+++++++,+++++++,+++++++,+++++++,+++++++,LLLLLLLLLL,LLLLLLLLLL,LLLL
       128,2025/01/10 01:22:59,  0,+++++++,+++++++,+ 18.11,+ 26.74,+ 25.78,+ 18.78,-------,+++++++,+ 18.68,+++++++,+ 19.42,+ 18.52,+++++++,+++++++,+++++++,+++++++,+++++++,LLLLLLLLLL,LLLLLLLLLL,LLLL
       129,2025/01/10 01:27:59,  0,+++++++,+++++++,+ 18.16,+ 26.76,+ 25.83,+ 18.86,-------,+++++++,+ 18.68,+++++++,+ 19.42,+ 18.52,+++++++,+++++++,+++++++,+++++++,+++++++,LLLLLLLLLL,LLLLLLLLLL,LLLL
       130,2025/01/10 01:32:59,  0,+++++++,+++++++,+ 17.85,+ 26.17,+ 25.58,+ 18.34,-------,+++++++,+ 18.60,+++++++,+ 19.29,+ 18.37,+++++++,+++++++,+++++++,+++++++,+++++++,LLLLLLLLLL,LLLLLLLLLL,LLLL
       131,2025/01/10 01:37:59,  0,+++++++,+++++++,+ 18.01,+ 26.38,+ 25.63,+ 18.60,-------,+++++++,+ 18.60,+++++++,+ 19.32,+ 18.39,+++++++,+++++++,+++++++,+++++++,+++++++,LLLLLLLLLL,LLLLLLLLLL,LLLL
       132,2025/01/10 01:42:59,  0,+++++++,+++++++,+ 18.03,+ 26.43,+ 25.63,+ 18.68,-------,+++++++,+ 18.57,+++++++,+ 19.35,+ 18.42,+++++++,+++++++,+++++++,+++++++,+++++++,LLLLLLLLLL,LLLLLLLLLL,LLLL
       133,2025/01/10 01:47:59,  0,+++++++,+++++++,+ 18.03,+ 26.40,+ 25.63,+ 18.75,-------,+++++++,+ 18.55,+++++++,+ 19.29,+ 18.42,+++++++,+++++++,+++++++,+++++++,+++++++,LLLLLLLLLL,LLLLLLLLLL,LLLL
       134,2025/01/10 01:52:59,  0,+++++++,+++++++,+ 18.06,+ 26.40,+ 25.68,+ 18.70,-------,+++++++,+ 18.60,+++++++,+ 19.37,+ 18.42,+++++++,+++++++,+++++++,+++++++,+++++++,LLLLLLLLLL,LLLLLLLLLL,LLLL
       135,2025/01/10 01:57:59,  0,+++++++,+++++++,+ 18.03,+ 26.30,+ 25.63,+ 18.68,-------,+++++++,+ 18.60,+++++++,+ 19.37,+ 18.44,+++++++,+++++++,+++++++,+++++++,+++++++,LLLLLLLLLL,LLLLLLLLLL,LLLL
       136,2025/01/10 02:02:59,  0,+++++++,+++++++,+ 18.03,+ 26.25,+ 25.63,+ 18.68,-------,+++++++,+ 18.55,+++++++,+ 19.29,+ 18.42,+++++++,+++++++,+++++++,+++++++,+++++++,LLLLLLLLLL,LLLLLLLLLL,LLLL
       137,2025/01/10 02:07:59,  0,+++++++,+++++++,+ 18.06,+ 26.38,+ 25.63,+ 18.75,-------,+++++++,+ 18.57,+++++++,+ 19.37,+ 18.44,+++++++,+++++++,+++++++,+++++++,+++++++,LLLLLLLLLL,LLLLLLLLLL,LLLL
       138,2025/01/10 02:12:59,  0,+++++++,+++++++,+ 18.03,+ 26.27,+ 25.60,+ 18.70,-------,+++++++,+ 18.62,+++++++,+ 19.37,+ 18.44,+++++++,+++++++,+++++++,+++++++,+++++++,LLLLLLLLLL,LLLLLLLLLL,LLLL
       139,2025/01/10 02:17:59,  0,+++++++,+++++++,+ 18.08,+ 26.25,+ 25.65,+ 18.78,-------,+++++++,+ 18.60,+++++++,+ 19.32,+ 18.42,+++++++,+++++++,+++++++,+++++++,+++++++,LLLLLLLLLL,LLLLLLLLLL,LLLL
       140,2025/01/10 02:22:59,  0,+++++++,+++++++,+ 18.11,+ 26.25,+ 25.65,+ 18.68,-------,+++++++,+ 18.65,+++++++,+ 19.42,+ 18.47,+++++++,+++++++,+++++++,+++++++,+++++++,LLLLLLLLLL,LLLLLLLLLL,LLLL
       141,2025/01/10 02:27:59,  0,+++++++,+++++++,+ 18.03,+ 26.20,+ 25.58,+ 18.70,-------,+++++++,+ 18.62,+++++++,+ 19.37,+ 18.47,+++++++,+++++++,+++++++,+++++++,+++++++,LLLLLLLLLL,LLLLLLLLLL,LLLL
       142,2025/01/10 02:32:59,  0,+++++++,+++++++,+ 18.06,+ 26.14,+ 25.63,+ 18.68,-------,+++++++,+ 18.60,+++++++,+ 19.40,+ 18.44,+++++++,+++++++,+++++++,+++++++,+++++++,LLLLLLLLLL,LLLLLLLLLL,LLLL
       143,2025/01/10 02:37:59,  0,+++++++,+++++++,+ 18.03,+ 26.09,+ 25.55,+ 18.62,-------,+++++++,+ 18.60,+++++++,+ 19.32,+ 18.42,+++++++,+++++++,+++++++,+++++++,+++++++,LLLLLLLLLL,LLLLLLLLLL,LLLL
       144,2025/01/10 02:42:59,  0,+++++++,+++++++,+ 18.14,+ 26.17,+ 25.63,+ 18.75,-------,+++++++,+ 18.57,+++++++,+ 19.35,+ 18.42,+++++++,+++++++,+++++++,+++++++,+++++++,LLLLLLLLLL,LLLLLLLLLL,LLLL
       145,2025/01/10 02:47:59,  0,+++++++,+++++++,+ 18.11,+ 26.09,+ 25.63,+ 18.73,-------,+++++++,+ 18.60,+++++++,+ 19.29,+ 18.44,+++++++,+++++++,+++++++,+++++++,+++++++,LLLLLLLLLL,LLLLLLLLLL,LLLL
       146,2025/01/10 02:52:59,  0,+++++++,+++++++,+ 18.03,+ 26.07,+ 25.55,+ 18.73,-------,+++++++,+ 18.60,+++++++,+ 19.32,+ 18.44,+++++++,+++++++,+++++++,+++++++,+++++++,LLLLLLLLLL,LLLLLLLLLL,LLLL
       147,2025/01/10 02:57:59,  0,+++++++,+++++++,+ 18.01,+ 26.04,+ 25.50,+ 18.68,-------,+++++++,+ 18.57,+++++++,+ 19.32,+ 18.42,+++++++,+++++++,+++++++,+++++++,+++++++,LLLLLLLLLL,LLLLLLLLLL,LLLL
       148,2025/01/10 03:02:59,  0,+++++++,+++++++,+ 18.03,+ 26.09,+ 25.53,+ 18.80,-------,+++++++,+ 18.60,+++++++,+ 19.35,+ 18.42,+++++++,+++++++,+++++++,+++++++,+++++++,LLLLLLLLLL,LLLLLLLLLL,LLLL
       149,2025/01/10 03:07:59,  0,+++++++,+++++++,+ 18.06,+ 26.02,+ 25.53,+ 18.73,-------,+++++++,+ 18.57,+++++++,+ 19.29,+ 18.42,+++++++,+++++++,+++++++,+++++++,+++++++,LLLLLLLLLL,LLLLLLLLLL,LLLL
       150,2025/01/10 03:12:59,  0,+++++++,+++++++,+ 17.90,+ 25.83,+ 25.45,+ 18.55,-------,+++++++,+ 18.57,+++++++,+ 19.27,+ 18.42,+++++++,+++++++,+++++++,+++++++,+++++++,LLLLLLLLLL,LLLLLLLLLL,LLLL
       151,2025/01/10 03:17:59,  0,+++++++,+++++++,+ 18.01,+ 25.91,+ 25.50,+ 18.68,-------,+++++++,+ 18.55,+++++++,+ 19.29,+ 18.42,+++++++,+++++++,+++++++,+++++++,+++++++,LLLLLLLLLL,LLLLLLLLLL,LLLL
       152,2025/01/10 03:22:59,  0,+++++++,+++++++,+ 18.06,+ 25.91,+ 25.53,+ 18.70,-------,+++++++,+ 18.57,+++++++,+ 19.32,+ 18.42,+++++++,+++++++,+++++++,+++++++,+++++++,LLLLLLLLLL,LLLLLLLLLL,LLLL
       153,2025/01/10 03:27:59,  0,+++++++,+++++++,+ 17.98,+ 25.81,+ 25.42,+ 18.65,-------,+++++++,+ 18.55,+++++++,+ 19.27,+ 18.39,+++++++,+++++++,+++++++,+++++++,+++++++,LLLLLLLLLL,LLLLLLLLLL,LLLL
       154,2025/01/10 03:32:59,  0,+++++++,+++++++,+ 18.06,+ 25.91,+ 25.50,+ 18.73,-------,+++++++,+ 18.57,+++++++,+ 19.32,+ 18.42,+++++++,+++++++,+++++++,+++++++,+++++++,LLLLLLLLLL,LLLLLLLLLL,LLLL
       155,2025/01/10 03:37:59,  0,+++++++,+++++++,+ 17.90,+ 25.81,+ 25.32,+ 18.70,-------,+++++++,+ 18.55,+++++++,+ 19.29,+ 18.39,+++++++,+++++++,+++++++,+++++++,+++++++,LLLLLLLLLL,LLLLLLLLLL,LLLL
       156,2025/01/10 03:42:59,  0,+++++++,+++++++,+ 18.01,+ 25.81,+ 25.45,+ 18.70,-------,+++++++,+ 18.57,+++++++,+ 19.32,+ 18.44,+++++++,+++++++,+++++++,+++++++,+++++++,LLLLLLLLLL,LLLLLLLLLL,LLLL
       157,2025/01/10 03:47:59,  0,+++++++,+++++++,+ 18.01,+ 25.73,+ 25.42,+ 18.62,-------,+++++++,+ 18.57,+++++++,+ 19.29,+ 18.39,+++++++,+++++++,+++++++,+++++++,+++++++,LLLLLLLLLL,LLLLLLLLLL,LLLL
       158,2025/01/10 03:52:59,  0,+++++++,+++++++,+ 18.03,+ 25.78,+ 25.42,+ 18.70,-------,+++++++,+ 18.55,+++++++,+ 19.32,+ 18.39,+++++++,+++++++,+++++++,+++++++,+++++++,LLLLLLLLLL,LLLLLLLLLL,LLLL
       159,2025/01/10 03:57:59,  0,+++++++,+++++++,+ 17.67,+ 25.34,+ 25.14,+ 18.08,-------,+++++++,+ 18.50,+++++++,+ 19.19,+ 18.26,+++++++,+++++++,+++++++,+++++++,+++++++,LLLLLLLLLL,LLLLLLLLLL,LLLL
       160,2025/01/10 04:02:59,  0,+++++++,+++++++,+ 17.77,+ 25.47,+ 25.19,+ 18.42,-------,+++++++,+ 18.42,+++++++,+ 19.04,+ 18.16,+++++++,+++++++,+++++++,+++++++,+++++++,LLLLLLLLLL,LLLLLLLLLL,LLLL
       161,2025/01/10 04:07:59,  0,+++++++,+++++++,+ 17.90,+ 25.58,+ 25.27,+ 18.55,-------,+++++++,+ 18.42,+++++++,+ 19.11,+ 18.26,+++++++,+++++++,+++++++,+++++++,+++++++,LLLLLLLLLL,LLLLLLLLLL,LLLL
       162,2025/01/10 04:12:59,  0,+++++++,+++++++,+ 17.90,+ 25.55,+ 25.24,+ 18.57,-------,+++++++,+ 18.44,+++++++,+ 19.24,+ 18.29,+++++++,+++++++,+++++++,+++++++,+++++++,LLLLLLLLLL,LLLLLLLLLL,LLLL
       163,2025/01/10 04:17:59,  0,+++++++,+++++++,+ 17.90,+ 25.53,+ 25.27,+ 18.57,-------,+++++++,+ 18.47,+++++++,+ 19.24,+ 18.29,+++++++,+++++++,+++++++,+++++++,+++++++,LLLLLLLLLL,LLLLLLLLLL,LLLL
       164,2025/01/10 04:22:59,  0,+++++++,+++++++,+ 17.90,+ 25.60,+ 25.27,+ 18.60,-------,+++++++,+ 18.47,+++++++,+ 19.19,+ 18.32,+++++++,+++++++,+++++++,+++++++,+++++++,LLLLLLLLLL,LLLLLLLLLL,LLLL
       165,2025/01/10 04:27:59,  0,+++++++,+++++++,+ 17.88,+ 25.40,+ 25.27,+ 18.39,-------,+++++++,+ 18.47,+++++++,+ 19.27,+ 18.34,+++++++,+++++++,+++++++,+++++++,+++++++,LLLLLLLLLL,LLLLLLLLLL,LLLL
       166,2025/01/10 04:32:59,  0,+++++++,+++++++,+ 17.90,+ 25.47,+ 25.24,+ 18.52,-------,+++++++,+ 18.47,+++++++,+ 19.19,+ 18.32,+++++++,+++++++,+++++++,+++++++,+++++++,LLLLLLLLLL,LLLLLLLLLL,LLLL
       167,2025/01/10 04:37:59,  0,+++++++,+++++++,+ 17.85,+ 25.45,+ 25.22,+ 18.55,-------,+++++++,+ 18.50,+++++++,+ 19.22,+ 18.32,+++++++,+++++++,+++++++,+++++++,+++++++,LLLLLLLLLL,LLLLLLLLLL,LLLL
       168,2025/01/10 04:42:59,  0,+++++++,+++++++,+ 17.95,+ 25.53,+ 25.27,+ 18.68,-------,+++++++,+ 18.47,+++++++,+ 19.27,+ 18.32,+++++++,+++++++,+++++++,+++++++,+++++++,LLLLLLLLLL,LLLLLLLLLL,LLLL
       169,2025/01/10 04:47:59,  0,+++++++,+++++++,+ 17.90,+ 25.45,+ 25.24,+ 18.55,-------,+++++++,+ 18.47,+++++++,+ 19.19,+ 18.32,+++++++,+++++++,+++++++,+++++++,+++++++,LLLLLLLLLL,LLLLLLLLLL,LLLL
       170,2025/01/10 04:52:59,  0,+++++++,+++++++,+ 17.88,+ 25.40,+ 25.19,+ 18.55,-------,+++++++,+ 18.47,+++++++,+ 19.27,+ 18.32,+++++++,+++++++,+++++++,+++++++,+++++++,LLLLLLLLLL,LLLLLLLLLL,LLLL
       171,2025/01/10 04:57:59,  0,+++++++,+++++++,+ 17.95,+ 25.50,+ 25.24,+ 18.65,-------,+++++++,+ 18.47,+++++++,+ 19.22,+ 18.29,+++++++,+++++++,+++++++,+++++++,+++++++,LLLLLLLLLL,LLLLLLLLLL,LLLL
       172,2025/01/10 05:02:59,  0,+++++++,+++++++,+ 18.01,+ 25.53,+ 25.24,+ 18.70,-------,+++++++,+ 18.50,+++++++,+ 19.22,+ 18.32,+++++++,+++++++,+++++++,+++++++,+++++++,LLLLLLLLLL,LLLLLLLLLL,LLLL
       173,2025/01/10 05:07:59,  0,+++++++,+++++++,+ 17.93,+ 25.42,+ 25.19,+ 18.57,-------,+++++++,+ 18.47,+++++++,+ 19.19,+ 18.32,+++++++,+++++++,+++++++,+++++++,+++++++,LLLLLLLLLL,LLLLLLLLLL,LLLL
       174,2025/01/10 05:12:59,  0,+++++++,+++++++,+ 17.95,+ 25.45,+ 25.19,+ 18.60,-------,+++++++,+ 18.47,+++++++,+ 19.19,+ 18.32,+++++++,+++++++,+++++++,+++++++,+++++++,LLLLLLLLLL,LLLLLLLLLL,LLLL
       175,2025/01/10 05:17:59,  0,+++++++,+++++++,+ 17.95,+ 25.40,+ 25.16,+ 18.57,-------,+++++++,+ 18.44,+++++++,+ 19.22,+ 18.29,+++++++,+++++++,+++++++,+++++++,+++++++,LLLLLLLLLL,LLLLLLLLLL,LLLL
       176,2025/01/10 05:22:59,  0,+++++++,+++++++,+ 17.90,+ 25.29,+ 25.14,+ 18.50,-------,+++++++,+ 18.44,+++++++,+ 19.22,+ 18.29,+++++++,+++++++,+++++++,+++++++,+++++++,LLLLLLLLLL,LLLLLLLLLL,LLLL
       177,2025/01/10 05:27:59,  0,+++++++,+++++++,+ 17.93,+ 25.34,+ 25.16,+ 18.57,-------,+++++++,+ 18.42,+++++++,+ 19.11,+ 18.26,+++++++,+++++++,+++++++,+++++++,+++++++,LLLLLLLLLL,LLLLLLLLLL,LLLL
       178,2025/01/10 05:32:59,  0,+++++++,+++++++,+ 17.93,+ 25.37,+ 25.16,+ 18.65,-------,+++++++,+ 18.47,+++++++,+ 19.19,+ 18.32,+++++++,+++++++,+++++++,+++++++,+++++++,LLLLLLLLLL,LLLLLLLLLL,LLLL
       179,2025/01/10 05:37:59,  0,+++++++,+++++++,+ 17.90,+ 25.32,+ 25.14,+ 18.55,-------,+++++++,+ 18.44,+++++++,+ 19.19,+ 18.29,+++++++,+++++++,+++++++,+++++++,+++++++,LLLLLLLLLL,LLLLLLLLLL,LLLL
       180,2025/01/10 05:42:59,  0,+++++++,+++++++,+ 17.85,+ 25.24,+ 25.11,+ 18.50,-------,+++++++,+ 18.44,+++++++,+ 19.19,+ 18.29,+++++++,+++++++,+++++++,+++++++,+++++++,LLLLLLLLLL,LLLLLLLLLL,LLLL
       181,2025/01/10 05:47:59,  0,+++++++,+++++++,+ 17.83,+ 25.27,+ 25.09,+ 18.44,-------,+++++++,+ 18.44,+++++++,+ 19.19,+ 18.29,+++++++,+++++++,+++++++,+++++++,+++++++,LLLLLLLLLL,LLLLLLLLLL,LLLL
       182,2025/01/10 05:52:59,  0,+++++++,+++++++,+ 17.90,+ 25.27,+ 25.11,+ 18.60,-------,+++++++,+ 18.42,+++++++,+ 19.19,+ 18.29,+++++++,+++++++,+++++++,+++++++,+++++++,LLLLLLLLLL,LLLLLLLLLL,LLLL
       183,2025/01/10 05:57:59,  0,+++++++,+++++++,+ 17.90,+ 25.27,+ 25.11,+ 18.55,-------,+++++++,+ 18.42,+++++++,+ 19.22,+ 18.29,+++++++,+++++++,+++++++,+++++++,+++++++,LLLLLLLLLL,LLLLLLLLLL,LLLL
       184,2025/01/10 06:02:59,  0,+++++++,+++++++,+ 17.83,+ 25.19,+ 25.01,+ 18.55,-------,+++++++,+ 18.42,+++++++,+ 19.19,+ 18.26,+++++++,+++++++,+++++++,+++++++,+++++++,LLLLLLLLLL,LLLLLLLLLL,LLLL
       185,2025/01/10 06:07:59,  0,+++++++,+++++++,+ 17.93,+ 25.34,+ 25.09,+ 18.62,-------,+++++++,+ 18.47,+++++++,+ 19.19,+ 18.29,+++++++,+++++++,+++++++,+++++++,+++++++,LLLLLLLLLL,LLLLLLLLLL,LLLL
       186,2025/01/10 06:12:59,  0,+++++++,+++++++,+ 17.80,+ 25.27,+ 24.96,+ 18.60,-------,+++++++,+ 18.42,+++++++,+ 19.09,+ 18.26,+++++++,+++++++,+++++++,+++++++,+++++++,LLLLLLLLLL,LLLLLLLLLL,LLLL
       187,2025/01/10 06:17:59,  0,+++++++,+++++++,+ 17.93,+ 25.29,+ 25.09,+ 18.62,-------,+++++++,+ 18.44,+++++++,+ 19.19,+ 18.29,+++++++,+++++++,+++++++,+++++++,+++++++,LLLLLLLLLL,LLLLLLLLLL,LLLL
       188,2025/01/10 06:22:59,  0,+++++++,+++++++,+ 17.90,+ 25.14,+ 25.06,+ 18.26,-------,+++++++,+ 18.42,+++++++,+ 19.24,+ 18.29,+++++++,+++++++,+++++++,+++++++,+++++++,LLLLLLLLLL,LLLLLLLLLL,LLLL
       189,2025/01/10 06:27:59,  0,+++++++,+++++++,+ 17.54,+ 24.70,+ 24.80,+ 18.03,-------,+++++++,+ 18.37,+++++++,+ 19.01,+ 18.08,+++++++,+++++++,+++++++,+++++++,+++++++,LLLLLLLLLL,LLLLLLLLLL,LLLL
       190,2025/01/10 06:32:59,  0,+++++++,+++++++,+ 17.67,+ 24.88,+ 24.88,+ 18.21,-------,+++++++,+ 18.34,+++++++,+ 19.06,+ 18.16,+++++++,+++++++,+++++++,+++++++,+++++++,LLLLLLLLLL,LLLLLLLLLL,LLLL
       191,2025/01/10 06:37:59,  0,+++++++,+++++++,+ 17.75,+ 24.98,+ 24.88,+ 18.42,-------,+++++++,+ 18.32,+++++++,+ 19.01,+ 18.14,+++++++,+++++++,+++++++,+++++++,+++++++,LLLLLLLLLL,LLLLLLLLLL,LLLL
       192,2025/01/10 06:42:59,  0,+++++++,+++++++,+ 17.70,+ 24.96,+ 24.88,+ 18.37,-------,+++++++,+ 18.32,+++++++,+ 19.06,+ 18.16,+++++++,+++++++,+++++++,+++++++,+++++++,LLLLLLLLLL,LLLLLLLLLL,LLLL
       193,2025/01/10 06:47:59,  0,+++++++,+++++++,+ 17.70,+ 24.88,+ 24.88,+ 18.34,-------,+++++++,+ 18.29,+++++++,+ 19.01,+ 18.14,+++++++,+++++++,+++++++,+++++++,+++++++,LLLLLLLLLL,LLLLLLLLLL,LLLL
       194,2025/01/10 06:52:59,  0,+++++++,+++++++,+ 17.75,+ 24.91,+ 24.88,+ 18.34,-------,+++++++,+ 18.29,+++++++,+ 19.01,+ 18.14,+++++++,+++++++,+++++++,+++++++,+++++++,LLLLLLLLLL,LLLLLLLLLL,LLLL
       195,2025/01/10 06:57:59,  0,+++++++,+++++++,+ 17.75,+ 25.01,+ 24.88,+ 18.42,-------,+++++++,+ 18.26,+++++++,+ 19.06,+ 18.14,+++++++,+++++++,+++++++,+++++++,+++++++,LLLLLLLLLL,LLLLLLLLLL,LLLL
       196,2025/01/10 07:02:59,  0,+++++++,+++++++,+ 17.65,+ 24.88,+ 24.78,+ 18.32,-------,+++++++,+ 18.24,+++++++,+ 18.96,+ 18.06,+++++++,+++++++,+++++++,+++++++,+++++++,LLLLLLLLLL,LLLLLLLLLL,LLLL
       197,2025/01/10 07:07:59,  0,+++++++,+++++++,+ 17.70,+ 24.88,+ 24.85,+ 18.37,-------,+++++++,+ 18.19,+++++++,+ 19.01,+ 18.08,+++++++,+++++++,+++++++,+++++++,+++++++,LLLLLLLLLL,LLLLLLLLLL,LLLL
       198,2025/01/10 07:12:59,  0,+++++++,+++++++,+ 17.70,+ 24.80,+ 24.83,+ 18.29,-------,+++++++,+ 18.19,+++++++,+ 18.93,+ 18.06,+++++++,+++++++,+++++++,+++++++,+++++++,LLLLLLLLLL,LLLLLLLLLL,LLLL
       199,2025/01/10 07:17:59,  0,+++++++,+++++++,+ 17.67,+ 24.83,+ 24.83,+ 18.34,-------,+++++++,+ 18.16,+++++++,+ 18.96,+ 18.03,+++++++,+++++++,+++++++,+++++++,+++++++,LLLLLLLLLL,LLLLLLLLLL,LLLL
       200,2025/01/10 07:22:59,  0,+++++++,+++++++,+ 17.70,+ 24.78,+ 24.80,+ 18.26,-------,+++++++,+ 18.14,+++++++,+ 18.91,+ 18.03,+++++++,+++++++,+++++++,+++++++,+++++++,LLLLLLLLLL,LLLLLLLLLL,LLLL
       201,2025/01/10 07:27:59,  0,+++++++,+++++++,+ 17.62,+ 24.73,+ 24.75,+ 18.24,-------,+++++++,+ 18.11,+++++++,+ 18.86,+ 17.95,+++++++,+++++++,+++++++,+++++++,+++++++,LLLLLLLLLL,LLLLLLLLLL,LLLL
       202,2025/01/10 07:32:59,  0,+++++++,+++++++,+ 17.67,+ 24.75,+ 24.78,+ 18.32,-------,+++++++,+ 18.14,+++++++,+ 18.80,+ 17.95,+++++++,+++++++,+++++++,+++++++,+++++++,LLLLLLLLLL,LLLLLLLLLL,LLLL
       203,2025/01/10 07:37:59,  0,+++++++,+++++++,+ 17.65,+ 24.75,+ 24.75,+ 18.26,-------,+++++++,+ 18.16,+++++++,+ 18.91,+ 18.01,+++++++,+++++++,+++++++,+++++++,+++++++,LLLLLLLLLL,LLLLLLLLLL,LLLL
       204,2025/01/10 07:42:59,  0,+++++++,+++++++,+ 17.59,+ 24.62,+ 24.73,+ 18.24,-------,+++++++,+ 18.16,+++++++,+ 18.91,+ 18.01,+++++++,+++++++,+++++++,+++++++,+++++++,LLLLLLLLLL,LLLLLLLLLL,LLLL
       205,2025/01/10 07:47:59,  0,+++++++,+++++++,+ 17.75,+ 24.83,+ 24.83,+ 18.37,-------,+++++++,+ 18.14,+++++++,+ 18.93,+ 18.03,+++++++,+++++++,+++++++,+++++++,+++++++,LLLLLLLLLL,LLLLLLLLLL,LLLL
       206,2025/01/10 07:52:59,  0,+++++++,+++++++,+ 17.59,+ 24.65,+ 24.73,+ 18.29,-------,+++++++,+ 18.11,+++++++,+ 18.91,+ 17.98,+++++++,+++++++,+++++++,+++++++,+++++++,LLLLLLLLLL,LLLLLLLLLL,LLLL
       207,2025/01/10 07:57:59,  0,+++++++,+++++++,+ 17.62,+ 24.62,+ 24.70,+ 18.16,-------,+++++++,+ 18.11,+++++++,+ 18.80,+ 17.95,+++++++,+++++++,+++++++,+++++++,+++++++,LLLLLLLLLL,LLLLLLLLLL,LLLL
       208,2025/01/10 08:02:59,  0,+++++++,+++++++,+ 17.59,+ 24.57,+ 24.70,+ 18.16,-------,+++++++,+ 18.11,+++++++,+ 18.83,+ 17.95,+++++++,+++++++,+++++++,+++++++,+++++++,LLLLLLLLLL,LLLLLLLLLL,LLLL
       209,2025/01/10 08:07:59,  0,+++++++,+++++++,+ 17.59,+ 24.65,+ 24.62,+ 18.29,-------,+++++++,+ 18.11,+++++++,+ 18.80,+ 17.95,+++++++,+++++++,+++++++,+++++++,+++++++,LLLLLLLLLL,LLLLLLLLLL,LLLL
       210,2025/01/10 08:12:59,  0,+++++++,+++++++,+ 17.62,+ 24.57,+ 24.62,+ 18.21,-------,+++++++,+ 18.06,+++++++,+ 18.80,+ 17.95,+++++++,+++++++,+++++++,+++++++,+++++++,LLLLLLLLLL,LLLLLLLLLL,LLLL
       211,2025/01/10 08:17:59,  0,+++++++,+++++++,+ 17.59,+ 24.60,+ 24.60,+ 18.26,-------,+++++++,+ 18.11,+++++++,+ 18.91,+ 17.98,+++++++,+++++++,+++++++,+++++++,+++++++,LLLLLLLLLL,LLLLLLLLLL,LLLL
       212,2025/01/10 08:22:59,  0,+++++++,+++++++,+ 17.67,+ 24.62,+ 24.62,+ 18.29,-------,+++++++,+ 18.08,+++++++,+ 18.86,+ 17.95,+++++++,+++++++,+++++++,+++++++,+++++++,LLLLLLLLLL,LLLLLLLLLL,LLLL
       213,2025/01/10 08:27:59,  0,+++++++,+++++++,+ 17.62,+ 24.62,+ 24.57,+ 18.26,-------,+++++++,+ 18.11,+++++++,+ 18.93,+ 17.98,+++++++,+++++++,+++++++,+++++++,+++++++,LLLLLLLLLL,LLLLLLLLLL,LLLL
       214,2025/01/10 08:32:59,  0,+++++++,+++++++,+ 17.57,+ 24.49,+ 24.49,+ 18.16,-------,+++++++,+ 18.11,+++++++,+ 18.86,+ 17.90,+++++++,+++++++,+++++++,+++++++,+++++++,LLLLLLLLLL,LLLLLLLLLL,LLLL
       215,2025/01/10 08:37:59,  0,+++++++,+++++++,+ 17.62,+ 24.62,+ 24.57,+ 18.26,-------,+++++++,+ 18.11,+++++++,+ 18.86,+ 17.95,+++++++,+++++++,+++++++,+++++++,+++++++,LLLLLLLLLL,LLLLLLLLLL,LLLL
       216,2025/01/10 08:42:59,  0,+++++++,+++++++,+ 17.57,+ 24.57,+ 24.52,+ 18.21,-------,+++++++,+ 18.08,+++++++,+ 18.80,+ 17.98,+++++++,+++++++,+++++++,+++++++,+++++++,LLLLLLLLLL,LLLLLLLLLL,LLLL
       217,2025/01/10 08:47:59,  0,+++++++,+++++++,+ 17.59,+ 24.49,+ 24.52,+ 18.24,-------,+++++++,+ 18.06,+++++++,+ 18.80,+ 17.95,+++++++,+++++++,+++++++,+++++++,+++++++,LLLLLLLLLL,LLLLLLLLLL,LLLL
       218,2025/01/10 08:52:59,  0,+++++++,+++++++,+ 17.54,+ 24.47,+ 24.49,+ 18.19,-------,+++++++,+ 18.08,+++++++,+ 18.88,+ 17.95,+++++++,+++++++,+++++++,+++++++,+++++++,LLLLLLLLLL,LLLLLLLLLL,LLLL
       219,2025/01/10 08:57:59,  0,+++++++,+++++++,+ 17.62,+ 24.52,+ 24.49,+ 18.29,-------,+++++++,+ 18.11,+++++++,+ 18.80,+ 17.95,+++++++,+++++++,+++++++,+++++++,+++++++,LLLLLLLLLL,LLLLLLLLLL,LLLL
       220,2025/01/10 09:02:59,  0,+++++++,+++++++,+ 17.62,+ 24.49,+ 24.49,+ 18.21,-------,+++++++,+ 18.08,+++++++,+ 18.80,+ 17.95,+++++++,+++++++,+++++++,+++++++,+++++++,LLLLLLLLLL,LLLLLLLLLL,LLLL
       221,2025/01/10 09:07:59,  0,+++++++,+++++++,+ 17.39,+ 24.24,+ 24.36,+ 18.01,-------,+++++++,+ 18.03,+++++++,+ 18.68,+ 17.85,+++++++,+++++++,+++++++,+++++++,+++++++,LLLLLLLLLL,LLLLLLLLLL,LLLL
       222,2025/01/10 09:12:59,  0,+++++++,+++++++,+ 17.34,+ 24.26,+ 24.24,+ 18.01,-------,+++++++,+ 18.01,+++++++,+ 18.68,+ 17.85,+++++++,+++++++,+++++++,+++++++,+++++++,LLLLLLLLLL,LLLLLLLLLL,LLLL
       223,2025/01/10 09:17:59,  0,+++++++,+++++++,+ 17.44,+ 24.31,+ 24.31,+ 18.08,-------,+++++++,+ 17.98,+++++++,+ 18.68,+ 17.85,+++++++,+++++++,+++++++,+++++++,+++++++,LLLLLLLLLL,LLLLLLLLLL,LLLL
       224,2025/01/10 09:22:59,  0,+++++++,+++++++,+ 17.44,+ 24.34,+ 24.31,+ 18.16,-------,+++++++,+ 17.98,+++++++,+ 18.62,+ 17.83,+++++++,+++++++,+++++++,+++++++,+++++++,LLLLLLLLLL,LLLLLLLLLL,LLLL
       225,2025/01/10 09:27:59,  0,+++++++,+++++++,+ 17.49,+ 24.36,+ 24.36,+ 18.14,-------,+++++++,+ 18.01,+++++++,+ 18.75,+ 17.85,+++++++,+++++++,+++++++,+++++++,+++++++,LLLLLLLLLL,LLLLLLLLLL,LLLL
       226,2025/01/10 09:32:59,  0,+++++++,+++++++,+ 17.44,+ 24.34,+ 24.24,+ 18.08,-------,+++++++,+ 18.01,+++++++,+ 18.73,+ 17.88,+++++++,+++++++,+++++++,+++++++,+++++++,LLLLLLLLLL,LLLLLLLLLL,LLLL
       227,2025/01/10 09:37:59,  0,+++++++,+++++++,+ 17.44,+ 24.34,+ 24.29,+ 18.06,-------,+++++++,+ 17.98,+++++++,+ 18.80,+ 17.88,+++++++,+++++++,+++++++,+++++++,+++++++,LLLLLLLLLL,LLLLLLLLLL,LLLL
       228,2025/01/10 09:42:59,  0,+++++++,+++++++,+ 17.44,+ 24.29,+ 24.29,+ 18.03,-------,+++++++,+ 18.01,+++++++,+ 18.83,+ 17.90,+++++++,+++++++,+++++++,+++++++,+++++++,LLLLLLLLLL,LLLLLLLLLL,LLLL
       229,2025/01/10 09:47:59,  0,+++++++,+++++++,+ 17.49,+ 24.31,+ 24.31,+ 18.14,-------,+++++++,+ 18.03,+++++++,+ 18.75,+ 17.90,+++++++,+++++++,+++++++,+++++++,+++++++,LLLLLLLLLL,LLLLLLLLLL,LLLL
       230,2025/01/10 09:52:59,  0,+++++++,+++++++,+ 17.49,+ 24.34,+ 24.31,+ 18.11,-------,+++++++,+ 18.01,+++++++,+ 18.80,+ 17.90,+++++++,+++++++,+++++++,+++++++,+++++++,LLLLLLLLLL,LLLLLLLLLL,LLLL
       231,2025/01/10 09:57:59,  0,+++++++,+++++++,+ 17.49,+ 24.36,+ 24.29,+ 18.16,-------,+++++++,+ 18.03,+++++++,+ 18.86,+ 17.90,+++++++,+++++++,+++++++,+++++++,+++++++,LLLLLLLLLL,LLLLLLLLLL,LLLL
       232,2025/01/10 10:02:59,  0,+++++++,+++++++,+ 17.49,+ 24.31,+ 24.29,+ 18.11,-------,+++++++,+ 18.03,+++++++,+ 18.73,+ 17.88,+++++++,+++++++,+++++++,+++++++,+++++++,LLLLLLLLLL,LLLLLLLLLL,LLLL
       233,2025/01/10 10:07:59,  0,+++++++,+++++++,+ 17.49,+ 24.34,+ 24.29,+ 18.11,-------,+++++++,+ 18.03,+++++++,+ 18.75,+ 17.88,+++++++,+++++++,+++++++,+++++++,+++++++,LLLLLLLLLL,LLLLLLLLLL,LLLL
       234,2025/01/10 10:12:59,  0,+++++++,+++++++,+ 17.49,+ 24.29,+ 24.24,+ 18.03,-------,+++++++,+ 18.03,+++++++,+ 18.80,+ 17.90,+++++++,+++++++,+++++++,+++++++,+++++++,LLLLLLLLLL,LLLLLLLLLL,LLLL
       235,2025/01/10 10:17:59,  0,+++++++,+++++++,+ 17.52,+ 24.34,+ 24.24,+ 18.16,-------,+++++++,+ 18.03,+++++++,+ 18.80,+ 17.90,+++++++,+++++++,+++++++,+++++++,+++++++,LLLLLLLLLL,LLLLLLLLLL,LLLL
       236,2025/01/10 10:22:59,  0,+++++++,+++++++,+ 17.49,+ 24.29,+ 24.26,+ 18.11,-------,+++++++,+ 18.01,+++++++,+ 18.75,+ 17.90,+++++++,+++++++,+++++++,+++++++,+++++++,LLLLLLLLLL,LLLLLLLLLL,LLLL
       237,2025/01/10 10:27:59,  0,+++++++,+++++++,+ 17.52,+ 24.34,+ 24.26,+ 18.11,-------,+++++++,+ 18.03,+++++++,+ 18.86,+ 17.90,+++++++,+++++++,+++++++,+++++++,+++++++,LLLLLLLLLL,LLLLLLLLLL,LLLL
       238,2025/01/10 10:32:59,  0,+++++++,+++++++,+ 17.47,+ 24.24,+ 24.26,+ 18.14,-------,+++++++,+ 18.03,+++++++,+ 18.80,+ 17.90,+++++++,+++++++,+++++++,+++++++,+++++++,LLLLLLLLLL,LLLLLLLLLL,LLLL
       239,2025/01/10 10:37:59,  0,+++++++,+++++++,+ 17.49,+ 24.31,+ 24.24,+ 18.16,-------,+++++++,+ 18.03,+++++++,+ 18.78,+ 17.90,+++++++,+++++++,+++++++,+++++++,+++++++,LLLLLLLLLL,LLLLLLLLLL,LLLL
       240,2025/01/10 10:42:59,  0,+++++++,+++++++,+ 17.47,+ 24.24,+ 24.21,+ 18.11,-------,+++++++,+ 18.03,+++++++,+ 18.88,+ 17.93,+++++++,+++++++,+++++++,+++++++,+++++++,LLLLLLLLLL,LLLLLLLLLL,LLLL
       241,2025/01/10 10:47:59,  0,+++++++,+++++++,+ 17.49,+ 24.26,+ 24.21,+ 18.14,-------,+++++++,+ 18.01,+++++++,+ 18.80,+ 17.90,+++++++,+++++++,+++++++,+++++++,+++++++,LLLLLLLLLL,LLLLLLLLLL,LLLL
       242,2025/01/10 10:52:59,  0,+++++++,+++++++,+ 17.52,+ 24.26,+ 24.26,+ 18.24,-------,+++++++,+ 18.03,+++++++,+ 18.75,+ 17.88,+++++++,+++++++,+++++++,+++++++,+++++++,LLLLLLLLLL,LLLLLLLLLL,LLLL
       243,2025/01/10 10:57:59,  0,+++++++,+++++++,+ 17.54,+ 24.31,+ 24.26,+ 18.21,-------,+++++++,+ 18.03,+++++++,+ 18.75,+ 17.93,+++++++,+++++++,+++++++,+++++++,+++++++,LLLLLLLLLL,LLLLLLLLLL,LLLL
       244,2025/01/10 11:02:59,  0,+++++++,+++++++,+ 17.52,+ 24.29,+ 24.24,+ 18.16,-------,+++++++,+ 18.03,+++++++,+ 18.80,+ 17.93,+++++++,+++++++,+++++++,+++++++,+++++++,LLLLLLLLLL,LLLLLLLLLL,LLLL
       245,2025/01/10 11:07:59,  0,+++++++,+++++++,+ 17.54,+ 24.31,+ 24.24,+ 18.16,-------,+++++++,+ 18.03,+++++++,+ 18.73,+ 17.90,+++++++,+++++++,+++++++,+++++++,+++++++,LLLLLLLLLL,LLLLLLLLLL,LLLL
       246,2025/01/10 11:12:59,  0,+++++++,+++++++,+ 17.52,+ 24.26,+ 24.21,+ 18.16,-------,+++++++,+ 18.03,+++++++,+ 18.78,+ 17.93,+++++++,+++++++,+++++++,+++++++,+++++++,LLLLLLLLLL,LLLLLLLLLL,LLLL
       247,2025/01/10 11:17:59,  0,+++++++,+++++++,+ 17.52,+ 24.21,+ 24.21,+ 18.11,-------,+++++++,+ 18.03,+++++++,+ 18.83,+ 17.93,+++++++,+++++++,+++++++,+++++++,+++++++,LLLLLLLLLL,LLLLLLLLLL,LLLL
       248,2025/01/10 11:22:59,  0,+++++++,+++++++,+ 17.62,+ 24.36,+ 24.24,+ 18.24,-------,+++++++,+ 18.03,+++++++,+ 18.83,+ 17.93,+++++++,+++++++,+++++++,+++++++,+++++++,LLLLLLLLLL,LLLLLLLLLL,LLLL
       249,2025/01/10 11:27:59,  0,+++++++,+++++++,+ 17.36,+ 24.03,+ 24.11,+ 18.01,-------,+++++++,+ 18.03,+++++++,+ 18.80,+ 17.90,+++++++,+++++++,+++++++,+++++++,+++++++,LLLLLLLLLL,LLLLLLLLLL,LLLL
       250,2025/01/10 11:32:59,  0,+++++++,+++++++,+ 17.54,+ 24.24,+ 24.24,+ 18.16,-------,+++++++,+ 18.03,+++++++,+ 18.75,+ 17.90,+++++++,+++++++,+++++++,+++++++,+++++++,LLLLLLLLLL,LLLLLLLLLL,LLLL
       251,2025/01/10 11:37:59,  0,+++++++,+++++++,+ 17.52,+ 24.24,+ 24.18,+ 18.16,-------,+++++++,+ 18.03,+++++++,+ 18.73,+ 17.88,+++++++,+++++++,+++++++,+++++++,+++++++,LLLLLLLLLL,LLLLLLLLLL,LLLL
       252,2025/01/10 11:42:59,  0,+++++++,+++++++,+ 17.52,+ 24.21,+ 24.21,+ 18.19,-------,+++++++,+ 18.03,+++++++,+ 18.80,+ 17.90,+++++++,+++++++,+++++++,+++++++,+++++++,LLLLLLLLLL,LLLLLLLLLL,LLLL
       253,2025/01/10 11:47:59,  0,+++++++,+++++++,+ 17.59,+ 24.24,+ 24.24,+ 18.19,-------,+++++++,+ 18.03,+++++++,+ 18.78,+ 17.90,+++++++,+++++++,+++++++,+++++++,+++++++,LLLLLLLLLL,LLLLLLLLLL,LLLL
       254,2025/01/10 11:52:59,  0,+++++++,+++++++,+ 17.52,+ 24.18,+ 24.16,+ 18.16,-------,+++++++,+ 18.03,+++++++,+ 18.80,+ 17.90,+++++++,+++++++,+++++++,+++++++,+++++++,LLLLLLLLLL,LLLLLLLLLL,LLLL
       255,2025/01/10 11:57:59,  0,+++++++,+++++++,+ 17.29,+ 23.85,+ 24.00,+ 17.80,-------,+++++++,+ 18.01,+++++++,+ 18.60,+ 17.80,+++++++,+++++++,+++++++,+++++++,+++++++,LLLLLLLLLL,LLLLLLLLLL,LLLL
       256,2025/01/10 12:02:59,  0,+++++++,+++++++,+ 17.34,+ 23.95,+ 24.03,+ 17.95,-------,+++++++,+ 17.90,+++++++,+ 18.55,+ 17.75,+++++++,+++++++,+++++++,+++++++,+++++++,LLLLLLLLLL,LLLLLLLLLL,LLLL
       257,2025/01/10 12:07:59,  0,+++++++,+++++++,+ 17.44,+ 24.11,+ 24.11,+ 18.06,-------,+++++++,+ 17.95,+++++++,+ 18.68,+ 17.77,+++++++,+++++++,+++++++,+++++++,+++++++,LLLLLLLLLL,LLLLLLLLLL,LLLL
       258,2025/01/10 12:12:59,  0,+++++++,+++++++,+ 17.41,+ 24.06,+ 24.06,+ 18.03,-------,+++++++,+ 17.95,+++++++,+ 18.68,+ 17.83,+++++++,+++++++,+++++++,+++++++,+++++++,LLLLLLLLLL,LLLLLLLLLL,LLLL
       259,2025/01/10 12:17:59,  0,+++++++,+++++++,+ 17.44,+ 24.08,+ 24.08,+ 18.08,-------,+++++++,+ 17.98,+++++++,+ 18.70,+ 17.83,+++++++,+++++++,+++++++,+++++++,+++++++,LLLLLLLLLL,LLLLLLLLLL,LLLL
       260,2025/01/10 12:22:59,  0,+++++++,+++++++,+ 17.44,+ 24.06,+ 24.08,+ 18.06,-------,+++++++,+ 17.98,+++++++,+ 18.78,+ 17.83,+++++++,+++++++,+++++++,+++++++,+++++++,LLLLLLLLLL,LLLLLLLLLL,LLLL
       261,2025/01/10 12:27:59,  0,+++++++,+++++++,+ 17.47,+ 24.06,+ 24.08,+ 18.06,-------,+++++++,+ 17.98,+++++++,+ 18.75,+ 17.88,+++++++,+++++++,+++++++,+++++++,+++++++,LLLLLLLLLL,LLLLLLLLLL,LLLL
       262,2025/01/10 12:32:59,  0,+++++++,+++++++,+ 17.41,+ 24.00,+ 24.08,+ 18.03,-------,+++++++,+ 17.98,+++++++,+ 18.75,+ 17.88,+++++++,+++++++,+++++++,+++++++,+++++++,LLLLLLLLLL,LLLLLLLLLL,LLLL
       263,2025/01/10 12:37:59,  0,+++++++,+++++++,+ 17.47,+ 24.08,+ 24.08,+ 18.14,-------,+++++++,+ 17.98,+++++++,+ 18.80,+ 17.88,+++++++,+++++++,+++++++,+++++++,+++++++,LLLLLLLLLL,LLLLLLLLLL,LLLL
       264,2025/01/10 12:42:59,  0,+++++++,+++++++,+ 17.49,+ 24.06,+ 24.08,+ 18.08,-------,+++++++,+ 18.01,+++++++,+ 18.80,+ 17.85,+++++++,+++++++,+++++++,+++++++,+++++++,LLLLLLLLLL,LLLLLLLLLL,LLLL
       265,2025/01/10 12:47:59,  0,+++++++,+++++++,+ 17.44,+ 24.03,+ 24.08,+ 18.11,-------,+++++++,+ 18.01,+++++++,+ 18.78,+ 17.88,+++++++,+++++++,+++++++,+++++++,+++++++,LLLLLLLLLL,LLLLLLLLLL,LLLL
       266,2025/01/10 12:52:59,  0,+++++++,+++++++,+ 17.41,+ 23.98,+ 24.03,+ 18.08,-------,+++++++,+ 17.95,+++++++,+ 18.68,+ 17.83,+++++++,+++++++,+++++++,+++++++,+++++++,LLLLLLLLLL,LLLLLLLLLL,LLLL
       267,2025/01/10 12:57:59,  0,+++++++,+++++++,+ 17.41,+ 23.98,+ 24.06,+ 18.03,-------,+++++++,+ 18.01,+++++++,+ 18.80,+ 17.90,+++++++,+++++++,+++++++,+++++++,+++++++,LLLLLLLLLL,LLLLLLLLLL,LLLL
       268,2025/01/10 13:02:59,  0,+++++++,+++++++,+ 17.47,+ 23.98,+ 24.11,+ 18.03,-------,+++++++,+ 17.98,+++++++,+ 18.80,+ 17.90,+++++++,+++++++,+++++++,+++++++,+++++++,LLLLLLLLLL,LLLLLLLLLL,LLLL
       269,2025/01/10 13:07:59,  0,+++++++,+++++++,+ 17.49,+ 24.08,+ 24.08,+ 18.14,-------,+++++++,+ 18.01,+++++++,+ 18.80,+ 17.88,+++++++,+++++++,+++++++,+++++++,+++++++,LLLLLLLLLL,LLLLLLLLLL,LLLL
       270,2025/01/10 13:12:59,  0,+++++++,+++++++,+ 17.49,+ 24.00,+ 24.08,+ 18.06,-------,+++++++,+ 17.98,+++++++,+ 18.75,+ 17.88,+++++++,+++++++,+++++++,+++++++,+++++++,LLLLLLLLLL,LLLLLLLLLL,LLLL
       271,2025/01/10 13:17:59,  0,+++++++,+++++++,+ 17.49,+ 24.00,+ 24.11,+ 18.14,-------,+++++++,+ 18.03,+++++++,+ 18.88,+ 17.90,+++++++,+++++++,+++++++,+++++++,+++++++,LLLLLLLLLL,LLLLLLLLLL,LLLL
       272,2025/01/10 13:22:59,  0,+++++++,+++++++,+ 17.49,+ 24.03,+ 24.11,+ 18.16,-------,+++++++,+ 18.01,+++++++,+ 18.75,+ 17.88,+++++++,+++++++,+++++++,+++++++,+++++++,LLLLLLLLLL,LLLLLLLLLL,LLLL
       273,2025/01/10 13:27:59,  0,+++++++,+++++++,+ 17.52,+ 23.98,+ 24.08,+ 18.06,-------,+++++++,+ 18.01,+++++++,+ 18.78,+ 17.90,+++++++,+++++++,+++++++,+++++++,+++++++,LLLLLLLLLL,LLLLLLLLLL,LLLL
       274,2025/01/10 13:32:59,  0,+++++++,+++++++,+ 17.44,+ 23.95,+ 24.03,+ 18.08,-------,+++++++,+ 18.03,+++++++,+ 18.86,+ 17.90,+++++++,+++++++,+++++++,+++++++,+++++++,LLLLLLLLLL,LLLLLLLLLL,LLLL
       275,2025/01/10 13:37:59,  0,+++++++,+++++++,+ 17.47,+ 23.93,+ 24.06,+ 18.06,-------,+++++++,+ 18.03,+++++++,+ 18.80,+ 17.90,+++++++,+++++++,+++++++,+++++++,+++++++,LLLLLLLLLL,LLLLLLLLLL,LLLL
       276,2025/01/10 13:42:59,  0,+++++++,+++++++,+ 17.54,+ 24.06,+ 24.08,+ 18.19,-------,+++++++,+ 18.03,+++++++,+ 18.86,+ 17.90,+++++++,+++++++,+++++++,+++++++,+++++++,LLLLLLLLLL,LLLLLLLLLL,LLLL
       277,2025/01/10 13:47:59,  0,+++++++,+++++++,+ 17.49,+ 23.95,+ 24.03,+ 18.16,-------,+++++++,+ 18.01,+++++++,+ 18.83,+ 17.90,+++++++,+++++++,+++++++,+++++++,+++++++,LLLLLLLLLL,LLLLLLLLLL,LLLL
       278,2025/01/10 13:52:59,  0,+++++++,+++++++,+ 17.47,+ 23.93,+ 24.03,+ 18.11,-------,+++++++,+ 18.03,+++++++,+ 18.78,+ 17.90,+++++++,+++++++,+++++++,+++++++,+++++++,LLLLLLLLLL,LLLLLLLLLL,LLLL
       279,2025/01/10 13:57:59,  0,+++++++,+++++++,+ 17.49,+ 23.93,+ 24.08,+ 18.08,-------,+++++++,+ 18.03,+++++++,+ 18.86,+ 17.93,+++++++,+++++++,+++++++,+++++++,+++++++,LLLLLLLLLL,LLLLLLLLLL,LLLL
